PassengerId,Survived,Pclass,Age,SibSp,Parch,Fare,Family_Size,Sex_male,Embarked_Q,Embarked_S
1,0.0,2,65.81891582054625,4,1,381.4791664526758,6,0,0,0
2,0.0,3,14.946477427842286,0,3,435.313509768307,4,1,0,1
3,0.0,1,29.162302251519694,1,3,437.70118274192123,5,1,1,0
4,0.0,3,47.3828029190934,5,2,281.310223210701,8,0,0,1
5,0.0,3,51.36516435539285,0,0,280.59940307380714,1,1,1,0
6,0.0,3,67.57661417592384,3,2,156.89792690862504,6,0,1,0
7,0.0,1,1.1287044484739133,1,1,432.12510158000504,3,1,0,1
8,1.0,2,46.346144833130964,2,3,357.4721577304754,6,0,0,0
9,0.0,3,68.54148762149636,5,1,461.85908845615614,7,1,0,1
10,0.0,3,21.646814924993784,1,2,252.71303788697662,4,1,1,0
11,0.0,2,16.345675744295757,0,1,156.98153414354465,2,0,1,0
12,1.0,2,40.39764080115158,3,0,284.48032700058616,4,1,0,1
13,1.0,2,17.144555895650697,4,4,460.2050066994869,9,0,0,0
14,0.0,2,35.80348984844723,0,4,17.03883477835251,5,0,0,1
15,0.0,3,40.11383254200273,1,5,311.61597294180905,7,1,0,1
16,0.0,3,7.178180744054323,2,2,234.16595429468373,5,0,0,0
17,1.0,2,10.336234678163501,0,0,143.97830115412404,1,1,1,0
18,0.0,2,57.79697939059297,1,1,452.73622445807996,3,0,0,1
19,1.0,3,39.77067909014311,3,4,252.4893374151448,8,0,0,0
20,1.0,2,14.295836713293884,0,1,188.6827846812111,2,1,0,1
21,0.0,3,41.250551703269856,1,3,53.59761682995685,5,1,1,0
22,0.0,1,66.2136284975332,2,5,216.2910198291043,8,1,0,1
23,1.0,1,15.318073197227134,0,3,468.5627792647635,4,1,0,1
24,0.0,3,18.95174739135293,0,1,386.6608855856133,2,1,0,1
25,1.0,3,10.04848993394383,4,1,18.6633199708495,6,1,0,0
26,0.0,3,39.31559629503122,1,4,387.2970975221628,6,0,1,0
27,1.0,2,48.37758710223534,1,3,334.04099189673525,5,1,0,0
28,0.0,3,28.354569340291647,2,2,375.61531527380635,5,1,0,0
29,0.0,2,0.48674310351389966,5,1,243.42560730937385,7,0,0,1
30,0.0,3,50.86749618474436,0,4,463.46869776001864,5,0,0,1
31,1.0,1,44.074252295468106,5,5,285.01295902052607,11,0,0,1
32,1.0,2,56.00533071043559,1,5,245.97919268086667,7,0,1,0
33,1.0,3,8.000332453176034,1,3,336.0605773128394,5,1,0,0
34,1.0,3,15.020386734431051,3,5,210.66370181058664,9,1,0,1
35,0.0,2,70.2120389548744,1,2,37.50584914250442,4,1,1,0
36,0.0,3,58.00458798985095,4,5,430.7694851090647,10,1,0,1
37,1.0,3,65.42174195050083,5,4,158.70421855788595,10,0,0,1
38,1.0,1,14.475936520573002,0,0,175.24651951661542,1,1,1,0
39,0.0,1,24.497893496692136,0,5,196.19465802949003,6,0,0,0
40,1.0,1,33.566111647872965,2,0,172.3301967869159,3,0,0,0
41,1.0,1,6.410338157678149,4,3,166.07359284545777,8,1,0,1
42,1.0,3,53.66299679674594,5,2,359.11383152375964,8,0,0,0
43,1.0,2,63.99357855781858,2,2,147.45020438144996,5,0,0,1
44,0.0,1,55.93778839960473,4,1,340.14453194886573,6,0,0,1
45,1.0,1,34.70338741145999,0,0,497.12848343675535,1,0,1,0
46,0.0,1,15.122138389835477,5,2,354.3953992743503,8,0,0,0
47,1.0,2,70.69395227185561,0,5,416.58233311581836,6,1,0,1
48,0.0,1,21.272209797640013,0,3,122.14701646840797,4,1,1,0
49,0.0,2,4.151570616034809,2,4,498.8756211521565,7,1,0,1
50,1.0,2,54.23903648448212,2,0,461.68712114494605,3,0,1,0
51,0.0,1,74.81373470536032,2,0,100.80709917674676,3,0,0,0
52,1.0,3,41.921205765698666,0,5,456.1440828423868,6,0,0,1
53,1.0,2,1.7800518251285788,5,0,331.9475386328885,6,0,1,0
54,1.0,3,8.789989237856387,5,3,41.4000300306995,9,0,1,0
55,0.0,3,4.608680433330676,4,5,381.1410243088688,10,0,0,0
56,1.0,2,2.2962715222714376,2,4,413.7568352056416,7,1,1,0
57,0.0,2,78.93012356701877,1,2,262.92007738331137,4,1,1,0
58,1.0,3,34.27118538442722,1,1,132.73419325547746,3,1,0,1
59,1.0,2,22.148216079929483,2,0,126.61457822049312,3,1,1,0
60,0.0,2,59.27158287879082,5,5,425.30294221930535,11,1,0,0
61,0.0,3,44.07579808250218,1,2,425.97175692145674,4,0,0,0
62,0.0,1,4.675332359299529,5,0,507.6143610333671,6,0,0,1
63,0.0,1,13.373465360809998,0,1,303.38103155097605,2,0,0,0
64,0.0,3,7.731867373269004,3,5,425.1771638456026,9,0,0,0
65,0.0,2,58.40374722881579,3,5,376.2261230094651,9,0,1,0
66,1.0,2,50.76417516727711,3,5,33.17376104061947,9,1,0,1
67,0.0,3,23.138605815019936,3,3,364.8448586620109,7,0,0,0
68,0.0,3,77.74602819134476,4,4,21.494977555094692,9,0,1,0
69,0.0,1,71.69261031566477,4,2,440.9017447304923,7,1,1,0
70,0.0,2,33.0565908339984,5,0,55.20086342451833,6,1,1,0
71,1.0,3,51.33000552799396,0,1,92.15048958578916,2,0,0,1
72,1.0,2,52.70721791961956,1,0,400.78596081765517,2,0,0,0
73,0.0,1,16.03957390026539,5,1,119.4779426729956,7,0,0,0
74,1.0,2,57.71001240632671,3,5,105.6757893623319,9,1,0,0
75,1.0,2,40.43412919758601,3,5,327.0563895842491,9,0,0,0
76,1.0,3,47.85599491616842,0,4,478.89065175588985,5,0,1,0
77,1.0,1,71.48511385839426,0,0,142.8948747390727,1,1,0,1
78,1.0,3,59.47296970369988,5,2,228.551602830096,8,1,1,0
79,1.0,2,3.861874589818343,5,2,245.27908216053214,8,1,0,0
80,0.0,3,51.5202827737542,2,3,357.29686649461263,6,1,0,0
81,0.0,2,8.561522088694778,4,0,26.091337058727902,5,0,1,0
82,0.0,1,79.36720291525847,1,0,152.75966491410458,2,0,0,0
83,1.0,3,15.478332693137265,0,0,235.27923698582083,1,0,1,0
84,0.0,3,9.184078552343642,4,1,231.6546279388736,6,0,1,0
85,1.0,3,58.092016571701286,0,0,131.72183877399908,1,0,1,0
86,0.0,1,37.97686834401275,0,1,4.093505509245858,2,0,0,0
87,0.0,2,4.4631740249513365,5,0,26.725441888483317,6,0,1,0
88,0.0,3,63.95874207369953,1,2,90.92229635255887,4,0,1,0
89,0.0,2,51.042071102382316,2,3,444.0722763266786,6,1,0,0
90,0.0,2,33.65311013230486,4,3,106.11183007477734,8,0,1,0
91,0.0,2,27.234309771462414,1,0,68.59448635107805,2,1,0,0
92,1.0,2,47.30239551171787,5,3,348.1801658426199,9,0,0,1
93,1.0,2,54.35191612421015,0,3,58.28966346805305,4,1,0,1
94,1.0,1,57.00071223306825,2,2,236.24515722156548,5,0,1,0
95,0.0,2,53.86159502579649,3,5,154.79741892558206,9,0,1,0
96,1.0,3,31.709243896891813,2,3,193.04330094580217,6,0,0,1
97,0.0,3,56.67586382014822,4,2,490.6775023926043,7,1,1,0
98,1.0,3,51.54605846708559,4,4,260.0659383198066,9,0,0,0
99,0.0,2,61.94664635044538,0,2,378.3192770309341,3,1,0,0
100,1.0,1,60.74028007986816,0,1,344.52592683522823,2,1,0,1
101,0.0,3,61.953036999960574,1,0,35.24919947126915,2,0,0,0
102,0.0,3,59.287260293627355,2,1,256.0661581456181,4,1,0,0
103,1.0,1,12.430018747671358,1,3,262.12727390740514,5,0,0,0
104,0.0,3,4.639452398059741,0,3,117.20464515251592,4,1,0,0
105,0.0,3,72.44599127691436,4,3,256.749246889187,8,0,1,0
106,0.0,1,68.25304957251869,3,4,263.3206294534029,8,1,0,1
107,0.0,3,58.1633114237675,2,4,179.8039222050536,7,1,0,0
108,0.0,2,15.876622316435382,1,2,132.1826209117699,4,1,0,1
109,1.0,3,71.28640543144364,0,5,348.39423046729956,6,0,0,0
110,1.0,2,56.10546264755954,2,1,476.53376623324436,4,1,0,0
111,1.0,2,5.880623675919372,3,4,238.53254777878766,8,1,0,0
112,0.0,1,71.27741280898904,3,0,69.07382321408068,4,1,1,0
113,0.0,1,48.23694435861729,2,1,24.867139582080426,4,1,0,1
114,1.0,1,31.577169972966853,1,2,266.7064807264439,4,0,1,0
115,1.0,2,50.271055773582724,5,5,126.90321995026494,11,1,0,0
116,1.0,3,28.41945200765724,4,5,382.1935321532804,10,0,1,0
117,0.0,2,77.31517077027023,3,3,76.03771081447928,7,0,0,1
118,1.0,3,55.66049659077799,1,2,78.13276483286,4,0,0,1
119,0.0,2,73.28243726413262,3,2,476.9184558182254,6,0,0,1
120,0.0,2,24.700704277135305,3,5,324.0947813526406,9,1,0,0
121,0.0,1,60.6769277628457,0,5,90.33700956574609,6,1,1,0
122,1.0,2,61.56791686850092,3,0,14.878165409373935,4,0,0,1
123,0.0,1,12.550405780609443,1,3,444.4482592764938,5,0,0,1
124,0.0,3,3.1606818336450417,2,0,110.87295656114958,3,0,1,0
125,1.0,3,39.831260665205114,3,5,189.11710719354352,9,1,0,0
126,1.0,3,59.83409245812661,1,3,136.9343298132518,5,0,0,1
127,0.0,2,37.04559103384861,5,0,25.182857792596394,6,1,0,1
128,0.0,3,66.30257998549781,0,0,75.28154452326373,1,1,0,1
129,1.0,3,73.16719475240342,5,1,214.07615388478428,7,0,1,0
130,1.0,1,76.75788521563845,4,1,253.25727437917362,6,0,0,1
131,1.0,2,52.02935628816823,0,5,164.92384360978974,6,0,1,0
132,0.0,3,75.27472807948432,2,5,146.54356746264955,8,0,0,1
133,1.0,3,24.591328245751185,0,5,121.28588707487563,6,0,0,1
134,1.0,1,20.384295925220204,0,1,82.62811212528015,2,0,0,0
135,0.0,1,46.950641363066715,0,3,447.5590984603157,4,0,0,0
136,0.0,2,63.1110617358975,1,0,487.5491972490247,2,1,0,1
137,1.0,1,28.836684995326248,5,1,266.61331699863103,7,1,0,1
138,0.0,3,47.93761186294084,2,0,470.79693493727973,3,1,0,1
139,1.0,3,7.898318897216736,3,0,292.39652974505657,4,0,1,0
140,0.0,3,49.29484310877844,4,5,44.04569830572001,10,0,0,1
141,0.0,1,24.043882600870464,5,0,263.52969614450205,6,0,0,1
142,0.0,2,69.9605935863411,5,4,163.20587907129277,10,1,1,0
143,1.0,3,48.98154326111326,5,0,78.17043744494606,6,1,1,0
144,1.0,2,31.01921831887588,4,5,495.16268670125146,10,1,0,1
145,1.0,1,59.89747900072608,0,1,263.598894079022,2,0,1,0
146,0.0,1,61.505111790636086,1,0,491.2536836961342,2,1,1,0
147,0.0,2,31.834794729803413,0,2,428.4355990963725,3,0,1,0
148,0.0,3,45.18302840880668,0,4,11.0245750467422,5,1,0,1
149,1.0,2,71.336977847246,2,3,390.3633952459662,6,1,0,1
150,1.0,3,67.19947750799751,0,2,268.44411547682336,3,0,1,0
151,1.0,2,28.048443186379544,1,3,475.8655286510757,5,0,1,0
152,1.0,2,42.87051044128758,2,5,211.626199796243,8,1,1,0
153,0.0,3,63.19689899945644,2,2,228.51483457706132,5,1,0,1
154,0.0,3,73.25480060484794,2,5,104.16351103154875,8,0,0,0
155,0.0,3,72.12339134060004,5,2,105.37423555134751,8,1,0,1
156,1.0,2,24.491541179156858,1,5,272.8703769564541,7,1,0,1
157,1.0,3,9.653215643453972,0,3,36.71747408125867,4,1,0,0
158,0.0,3,79.32455022564422,3,3,361.8016877597328,7,1,0,0
159,0.0,3,59.224804219912905,4,2,469.88611442827636,7,0,0,1
160,0.0,2,9.829739517097657,1,5,372.129315605843,7,0,0,1
161,0.0,1,26.2803556760575,3,3,214.74015709365494,7,1,0,0
162,1.0,3,52.331129976114624,3,2,395.3272005853561,6,1,0,1
163,0.0,1,70.44387878161137,5,2,311.93451786157664,8,1,0,0
164,0.0,2,0.6126985626763272,3,1,111.89635251352217,5,0,0,1
165,1.0,3,28.534781928398964,1,4,150.35762333833742,6,0,1,0
166,0.0,3,42.05018530746698,0,0,402.2082117964303,1,0,0,0
167,0.0,3,3.918511726485392,1,2,12.911201567425792,4,0,1,0
168,1.0,3,5.974883577504467,3,5,242.0687490689195,9,0,0,0
169,0.0,2,36.42936480378714,2,3,396.5303632151415,6,0,0,1
170,0.0,2,42.781523864085194,0,5,61.21790392595244,6,1,1,0
171,1.0,3,51.79372367841448,0,3,17.007818684317215,4,1,0,0
172,1.0,3,28.384975597253657,2,0,92.39824150864229,3,1,1,0
173,0.0,3,17.460857921953505,0,2,493.3494298025627,3,0,0,1
174,0.0,3,57.101864585390274,0,1,267.56429779758923,2,1,0,0
175,1.0,1,72.6037089857183,2,0,369.9214083755403,3,0,0,1
176,0.0,1,44.63618445677224,2,4,435.8163661572025,7,0,1,0
177,0.0,2,1.4148552362778761,5,2,209.03900442856656,8,1,0,0
178,1.0,1,33.27422841296592,1,3,494.556949808615,5,1,1,0
179,0.0,3,66.55736786697967,4,2,25.184260324826198,7,1,1,0
180,0.0,3,26.255155542004143,4,0,248.50902053450716,5,0,1,0
181,1.0,2,61.753046056701635,5,3,211.8937042139932,9,1,0,0
182,1.0,3,56.26349926301169,2,1,417.08932995924476,4,0,1,0
183,1.0,2,68.61066363271713,4,2,116.16277476286655,7,1,0,0
184,0.0,1,71.73746917718964,3,3,197.58270508713548,7,1,0,0
185,1.0,2,50.90234221503935,4,0,235.07663151470007,5,0,0,0
186,1.0,1,32.39227938856137,1,4,284.16267909076595,6,0,1,0
187,1.0,3,23.922723976787662,2,2,411.67465618435426,5,1,1,0
188,0.0,1,27.44716805845332,0,5,352.9733184728739,6,0,0,0
189,1.0,2,13.510191602374823,5,4,313.6077190788129,10,1,0,0
190,1.0,2,22.174842752478174,5,4,305.33219246876985,10,0,0,1
191,0.0,3,21.143096210602156,2,5,24.13116054581792,8,1,0,0
192,0.0,2,35.19338224980371,1,1,309.42770957568746,3,0,1,0
193,0.0,1,56.649668074152615,2,1,55.31136227690257,4,1,0,0
194,0.0,1,15.1760099473503,0,0,304.76116440468445,1,0,0,1
195,1.0,1,66.2343054039422,2,0,268.7980425445933,3,0,0,0
196,0.0,3,35.78822446519148,2,1,338.2716394670097,4,1,0,1
197,0.0,2,16.63045848073489,0,3,429.5880941552043,4,1,0,1
198,0.0,3,60.504019335467675,3,0,161.57922335484346,4,0,0,0
199,0.0,2,42.46489904928212,1,0,328.1697165095224,2,0,0,1
200,1.0,3,63.098175306824935,1,4,53.88736493775093,6,1,0,1
201,1.0,1,78.96443407125281,1,2,373.64812307760354,4,1,0,0
202,0.0,3,38.91050975314414,5,5,400.02733783531096,11,1,0,1
203,1.0,3,73.62232000593144,5,5,332.18406080890026,11,1,0,0
204,0.0,3,1.103912046020505,0,1,466.3265863877822,2,0,0,0
205,0.0,3,19.52384227740725,2,0,30.793682729899672,3,0,0,0
206,0.0,3,75.00544693832752,0,3,435.1231585856181,4,1,1,0
207,0.0,2,79.70537967671049,3,0,423.8369856725361,4,0,1,0
208,1.0,2,69.68550204966402,4,5,337.0505397718658,10,1,0,0
209,0.0,3,53.60061864056286,1,0,77.18741486156864,2,1,1,0
210,0.0,3,75.61567629906979,2,2,106.12544098364327,5,1,0,0
211,1.0,2,36.871527213634295,5,2,367.37865607605045,8,0,0,1
212,1.0,1,31.192259427056882,2,2,304.8769068719113,5,0,0,0
213,1.0,1,44.92321558080819,4,5,347.55876119775047,10,0,0,0
214,0.0,1,66.73395275345639,2,3,273.07342726898696,6,0,0,1
215,0.0,3,60.71170895215396,5,3,354.8371608525646,9,0,0,1
216,0.0,1,46.91229494989775,0,5,474.2426066549026,6,1,0,0
217,1.0,3,44.62281992055408,3,0,417.45827504349637,4,0,1,0
218,1.0,3,26.873188766831248,5,5,484.8640494418396,11,0,1,0
219,0.0,3,74.48314090961861,5,4,410.7700477395369,10,0,0,0
220,1.0,3,49.16159886763496,3,0,421.57800786056976,4,1,1,0
221,0.0,1,77.01189291955676,3,5,378.6554204423768,9,0,0,0
222,1.0,3,37.930872608617534,3,5,82.48323655624318,9,1,0,1
223,1.0,1,61.26450985513224,1,2,168.59400820793957,4,1,0,1
224,0.0,1,36.08385372979189,5,1,415.2954067873406,7,0,1,0
225,0.0,2,78.96636930592325,2,1,441.3923876133773,4,1,0,0
226,0.0,1,3.874395093101646,1,3,404.10220278395684,5,1,0,0
227,1.0,2,77.13951805610455,0,3,296.0246281052032,4,1,1,0
228,0.0,3,77.95970286117476,1,3,414.0736259986694,5,1,0,0
229,1.0,3,61.027684240608714,5,1,184.94038586570525,7,0,0,1
230,0.0,1,16.321475391226183,5,1,235.91010802606826,7,1,1,0
231,1.0,3,0.8402644831858541,4,4,455.1624705986606,9,0,0,1
232,1.0,1,8.454676627918346,2,2,341.7788890566984,5,1,0,0
233,1.0,3,50.010876278510246,2,1,24.871015705218724,4,0,0,1
234,1.0,2,53.440523787977874,1,5,247.94675652449587,7,1,1,0
235,0.0,3,35.539598644038875,4,1,365.81173100103746,6,0,0,1
236,1.0,1,56.19229685004306,2,5,270.93066043502284,8,1,0,1
237,0.0,3,61.71181427275052,4,3,402.3295235199407,8,1,0,0
238,0.0,3,63.895351639927206,3,0,155.9581549924443,4,0,0,1
239,1.0,1,57.220323589100744,2,0,293.81435090814887,3,0,1,0
240,0.0,2,52.425472100914945,2,3,389.2003281565282,6,1,1,0
241,0.0,3,24.530883670443618,2,1,26.72913577015197,4,0,0,0
242,1.0,3,78.11857666075066,5,2,0.574293494127744,8,0,1,0
243,0.0,2,12.047281778468315,1,3,478.6002670840794,5,1,0,1
244,1.0,3,70.20901614232969,3,3,428.30282309494413,7,1,0,1
245,0.0,1,59.903058405600994,0,2,116.26990272797337,3,1,0,1
246,0.0,2,13.441097890826438,0,5,398.06462851788973,6,0,0,1
247,1.0,1,70.9117279458749,5,3,222.78002101295942,9,1,0,0
248,0.0,2,16.64243348670456,4,2,258.5952528506917,7,0,1,0
249,1.0,3,41.99923146699285,1,5,508.1536604694,7,1,0,0
250,1.0,2,51.14570070152951,1,5,402.5174270312749,7,1,1,0
251,1.0,1,0.541746041044515,0,1,217.28363258953294,2,1,0,1
252,1.0,3,43.38022417268124,4,0,110.66515075136067,5,1,0,0
253,1.0,1,26.445503375582117,2,0,81.51734016954026,3,1,0,1
254,0.0,3,54.40084094535671,3,5,5.350150719389376,9,0,0,1
255,1.0,2,45.02254842092917,3,4,143.14187706589718,8,1,0,0
256,0.0,1,4.245883874115838,2,2,102.4661567651101,5,0,0,1
257,0.0,1,15.015238572569656,5,0,218.87517137806935,6,0,1,0
258,0.0,1,17.616359254094213,5,1,146.24426480450938,7,1,1,0
259,1.0,1,27.156499645438068,1,0,169.02235626960191,2,1,0,0
260,1.0,2,22.17828557910474,5,3,59.99218365649608,9,1,1,0
261,0.0,3,19.728715781458433,5,2,506.9492963692501,8,0,1,0
262,1.0,1,4.077088973050937,4,0,321.58560701570775,5,0,0,1
263,1.0,2,17.090064802913485,5,1,73.64897921987972,7,0,1,0
264,1.0,3,44.69795215744462,5,1,331.94164213734626,7,1,0,0
265,0.0,2,1.0945292876707062,0,3,377.62349309617576,4,1,1,0
266,1.0,3,29.17416538154621,2,3,171.44917164131482,6,0,1,0
267,0.0,1,38.18843419453137,2,1,388.9682457253844,4,1,0,1
268,1.0,3,19.44409711082418,0,5,477.52333869861803,6,1,0,0
269,0.0,2,55.96143690211207,5,2,421.88079538105467,8,1,0,0
270,0.0,3,6.651842456511293,5,2,249.84300493327436,8,0,1,0
271,0.0,1,65.18646121411172,0,5,455.5366459886544,6,1,1,0
272,0.0,2,48.2070957033719,5,4,218.02864420780196,10,0,0,1
273,1.0,2,24.38756284721461,2,4,252.5562718477213,7,0,1,0
274,1.0,2,36.767184470652936,2,4,348.55485058903133,7,0,0,1
275,1.0,3,38.04816300945517,4,2,184.1366197526997,7,1,0,0
276,0.0,2,12.098085860641358,1,1,10.94526196138554,3,1,0,0
277,1.0,3,33.74459941940883,5,4,424.614228293437,10,1,1,0
278,0.0,2,36.427009053686106,2,2,299.37545606193663,5,1,0,0
279,1.0,1,34.764444799855156,5,4,356.8723277782816,10,1,1,0
280,1.0,1,3.646772577874482,4,5,98.55173550887378,10,1,0,0
281,0.0,1,20.83989951541182,0,2,133.3802211498877,3,1,0,1
282,1.0,1,20.2187692110886,1,5,368.70870811680226,7,1,0,1
283,1.0,2,79.96056666222002,4,4,380.2733843276728,9,0,1,0
284,1.0,1,21.74403682000107,0,2,24.012090362477522,3,1,1,0
285,0.0,2,2.718291319113114,1,0,210.66928669347914,2,1,1,0
286,1.0,2,22.943890816323098,1,0,275.4141679696954,2,1,0,0
287,1.0,2,50.32992738791811,2,3,426.98026089454646,6,0,0,1
288,1.0,2,13.643080133855284,1,1,243.62562628995653,3,0,1,0
289,1.0,1,49.0587249671729,5,3,266.26709143062465,9,1,1,0
290,1.0,3,63.97652075168468,4,0,395.7726068132529,5,1,0,1
291,0.0,3,31.14825806895367,4,1,146.59917491080984,6,0,0,0
292,0.0,2,3.1040286534793746,2,2,418.09958347608045,5,0,0,1
293,0.0,3,47.509119905716624,5,3,13.021415271495584,9,0,1,0
294,1.0,3,9.563193551942446,0,5,505.12994277210413,6,1,0,0
295,1.0,1,71.25328643157313,0,4,86.96291512323182,5,0,0,1
296,1.0,2,75.4119070420119,0,5,278.5438180933168,6,0,1,0
297,1.0,2,52.762399464786746,5,2,355.90061237725956,8,1,1,0
298,1.0,3,65.56660866683985,5,1,78.61879795334539,7,0,0,1
299,0.0,2,70.73565927593154,5,1,357.9553672492914,7,1,0,1
300,1.0,2,13.404500084096972,3,4,22.891295382157466,8,1,1,0
301,0.0,1,58.80771013792805,0,0,328.29128756839896,1,1,0,0
302,0.0,1,7.06225227339715,0,4,56.86597960855153,5,0,0,0
303,1.0,3,72.81492595612171,4,4,239.99072891551128,9,1,0,1
304,1.0,1,6.210879247483142,0,0,81.17936401292837,1,1,1,0
305,0.0,2,19.43515625859164,2,3,405.48903701531435,6,1,1,0
306,0.0,3,45.971904582314714,4,0,140.005105462789,5,0,0,0
307,0.0,1,54.91056041774488,1,1,258.9194678716422,3,0,0,1
308,1.0,1,64.4263726840269,5,3,83.66994742543335,9,0,0,1
309,0.0,2,77.55040369642934,1,0,136.81771581083643,2,0,0,0
310,1.0,1,21.151752436284134,1,4,249.8191194092605,6,1,0,1
311,1.0,2,34.21936633259009,2,5,166.91854351218234,8,0,0,1
312,0.0,2,79.51387649456206,5,3,158.39657696592366,9,0,0,0
313,1.0,2,53.56957478513525,0,2,343.0373834875614,3,0,0,0
314,1.0,2,32.32871920786027,5,2,303.4163123070124,8,1,0,1
315,0.0,1,4.334384257286998,3,2,64.61630250476259,6,1,1,0
316,0.0,2,11.141412160672857,0,3,316.85373287065136,4,0,0,0
317,0.0,2,56.6911818177967,2,4,89.3296132058955,7,0,0,0
318,0.0,1,78.94743775043854,5,0,433.3930426147951,6,0,0,1
319,0.0,3,42.764920449841455,4,4,400.90710184370795,9,1,0,0
320,1.0,3,39.32990133761233,3,1,196.0791930431414,5,1,1,0
321,0.0,3,35.83520170846275,1,0,432.9174958163847,2,0,0,0
322,0.0,1,30.12011671414768,4,3,93.85635961729031,8,0,0,0
323,0.0,1,18.63533205011876,5,3,433.8924122100168,9,0,1,0
324,1.0,2,56.164679796759245,2,2,353.0199928652337,5,1,0,0
325,0.0,2,30.203195457649937,1,3,41.30308372064064,5,1,0,0
326,0.0,1,34.541161516706865,3,0,1.8643920530332707,4,0,1,0
327,1.0,2,56.67083786641331,2,5,181.86104044137977,8,0,1,0
328,0.0,3,72.36217050813464,4,5,246.92662116651513,10,0,1,0
329,0.0,1,67.68670260745995,0,3,148.3243788394522,4,1,0,1
330,0.0,3,76.8259473841779,2,0,14.169266624222473,3,1,0,0
331,0.0,3,26.813104616334556,5,2,162.4089633918025,8,0,1,0
332,0.0,1,57.92125225114495,0,1,275.25766549401806,2,0,0,0
333,1.0,3,4.904413091929601,4,2,445.7987817463718,7,1,1,0
334,1.0,3,73.78209710310033,5,3,500.3269380710838,9,0,0,1
335,1.0,2,32.12712669272774,1,3,327.8732219869168,5,1,0,1
336,1.0,2,44.1751488060389,1,3,491.0422291628715,5,0,0,1
337,0.0,2,26.388395448904053,0,4,109.62046525611754,5,1,0,0
338,0.0,2,76.86226492514626,2,2,47.92765550789966,5,1,0,0
339,1.0,2,8.576543966616235,5,4,452.4568827795022,10,1,0,0
340,1.0,2,72.41999198784298,5,5,208.11052433796328,11,0,1,0
341,0.0,1,66.07857053894087,5,2,264.9432444804836,8,0,0,0
342,1.0,1,55.43152313792136,3,4,305.3203535906598,8,1,0,0
343,1.0,3,51.73804644143617,0,1,374.90799948508464,2,0,1,0
344,1.0,1,56.395344129055516,5,5,164.24026088556445,11,0,0,1
345,0.0,2,22.338141482121525,0,4,318.68450304096774,5,1,0,0
346,0.0,1,0.9130107784581856,5,4,508.41765500440107,10,0,0,1
347,1.0,1,10.721839169505197,3,0,473.74576899698013,4,1,1,0
348,1.0,1,57.838519462006886,3,0,239.48598117916504,4,1,1,0
349,1.0,3,72.43055021168038,0,0,135.53670085983504,1,0,0,0
350,1.0,1,7.016904767094076,0,2,400.7041592537765,3,1,1,0
351,1.0,3,7.32525259464903,1,2,435.81515315112955,4,0,0,1
352,1.0,1,29.861563834485267,4,2,239.08980914275253,7,0,0,0
353,0.0,2,66.50542744784418,3,0,418.3204795390922,4,0,1,0
354,0.0,2,73.07371070558108,0,0,449.9415497392376,1,0,0,0
355,1.0,2,20.147211674957997,2,1,490.58998700393335,4,0,0,0
356,1.0,2,54.172688686367415,3,0,124.79026517359159,4,1,0,0
357,0.0,1,33.22264600000334,3,4,450.38412278316025,8,0,0,1
358,1.0,1,37.686577913581594,4,3,98.41971420137685,8,0,0,1
359,0.0,3,46.560841472029814,0,1,44.02367187855236,2,0,1,0
360,1.0,1,59.02502658985142,5,0,266.00760666384923,6,0,0,0
361,0.0,2,57.48434125430992,1,1,481.86479395809494,3,1,0,0
362,0.0,1,12.916834138910511,4,2,272.65057434186247,7,0,1,0
363,1.0,1,66.88503399433444,1,1,499.3909534665243,3,0,0,0
364,0.0,2,46.90839588038132,2,3,289.35819334877175,6,0,1,0
365,0.0,3,70.99389027137173,5,4,264.95343746257834,10,0,1,0
366,0.0,1,45.814360400590466,5,3,17.61289283907638,9,1,1,0
367,1.0,1,62.10491537541162,0,5,412.67505113974863,6,0,1,0
368,1.0,2,47.04603176032544,1,2,341.17058491587346,4,1,0,1
369,1.0,1,48.69715107109997,4,5,365.316792317473,10,1,0,0
370,0.0,1,34.02038615158655,3,2,479.3926282157685,6,1,0,0
371,0.0,2,38.545492705228554,5,2,137.20303544124602,8,0,0,0
372,1.0,2,33.346911312082675,3,1,490.8506791791531,5,0,0,1
373,0.0,1,73.43232924021909,4,5,254.90493091892841,10,0,0,0
374,1.0,2,65.00345185201381,4,0,273.992455860556,5,0,0,0
375,1.0,1,74.69296483110718,3,0,484.242449715527,4,1,0,0
376,0.0,3,3.4626025944257908,1,1,118.5143652121522,3,0,1,0
377,0.0,2,43.23908028646415,0,1,56.479142592163214,2,1,0,1
378,1.0,3,58.105865546207276,2,2,505.5104152951176,5,0,0,1
379,0.0,1,45.424479656974626,4,1,192.77316000768576,6,1,0,1
380,1.0,3,4.024205448068994,0,2,229.185881686693,3,1,0,0
381,1.0,3,32.43689015061086,4,4,57.67553916803382,9,0,1,0
382,1.0,3,61.14971101021945,1,4,116.08921335042987,6,0,0,1
383,1.0,1,52.877474792852446,5,2,160.13663695371963,8,1,0,1
384,0.0,1,34.09928300590324,5,2,127.69125730879148,8,1,1,0
385,1.0,2,3.9136093248888137,0,1,37.41946146676315,2,0,0,0
386,0.0,1,19.710350399280387,0,2,207.31432607537573,3,0,1,0
387,1.0,2,15.675299391988172,4,3,260.0428987657848,8,1,0,0
388,0.0,3,75.53097871079396,1,2,86.91169917782662,4,0,0,0
389,1.0,1,69.24630606518622,1,1,119.8102631036507,3,1,1,0
390,0.0,1,21.081958678560813,1,1,308.99250766252663,3,1,0,0
391,0.0,3,23.58538594640937,0,0,16.57454681515594,1,1,1,0
392,0.0,2,21.32103850463249,0,5,35.0346697106134,6,1,0,1
393,0.0,2,51.92627796298447,0,0,391.30927086753127,1,0,0,0
394,0.0,1,8.13398914566012,0,2,62.67360265972076,3,1,1,0
395,0.0,3,6.859578074806272,3,5,142.11207960339777,9,1,0,1
396,0.0,2,21.10436085443815,4,3,416.0992813749722,8,0,0,1
397,0.0,3,53.931611525303474,4,2,10.269313845309853,7,0,0,0
398,1.0,3,45.23730073881305,0,2,137.44711330970534,3,1,1,0
399,0.0,1,67.96454675668757,3,2,335.9945950321282,6,1,0,1
400,1.0,1,7.111369786307806,2,0,366.1369375780172,3,0,0,0
401,0.0,3,50.006464875869604,4,3,412.32507956159486,8,1,0,0
402,1.0,3,31.831927838416235,0,2,231.56597968859177,3,1,0,0
403,1.0,3,40.312793530153634,1,0,206.26464518786605,2,1,1,0
404,1.0,1,58.48182800837713,2,1,12.656271349293775,4,1,1,0
405,0.0,2,64.51066674236624,3,1,109.4774072152282,5,1,0,1
406,0.0,2,73.62339916696145,4,5,377.2089466940631,10,1,1,0
407,1.0,3,60.425408603912906,0,0,219.24489524392789,1,0,1,0
408,0.0,3,15.770727011009877,0,3,253.05909960924862,4,0,1,0
409,0.0,2,49.13414102671222,4,5,269.4553780640855,10,0,0,0
410,0.0,2,30.05373548137865,1,4,96.53733005115322,6,1,0,0
411,1.0,2,25.77271837848543,2,4,127.36385988610965,7,1,0,0
412,1.0,1,54.228872877674256,0,3,366.1691258196836,4,1,0,0
413,0.0,2,2.0143134860171084,5,2,452.47909604475086,8,0,0,0
414,1.0,3,14.42759582069445,3,0,436.6701878254708,4,0,0,0
415,1.0,1,9.591590752269811,2,4,250.12658158290606,7,1,0,0
416,1.0,2,32.88753493110295,4,5,208.29155392114467,10,0,0,0
417,1.0,3,5.08048880087517,2,2,120.3907100069149,5,1,1,0
418,1.0,1,42.233500282240676,5,2,5.339391660290175,8,0,0,1
419,0.0,3,78.23919692419716,4,3,485.233900371523,8,0,1,0
420,1.0,1,71.13345677241287,4,3,58.900303069975166,8,1,0,1
421,1.0,3,2.2539050711467543,0,3,354.60796615141163,4,1,0,0
422,0.0,2,51.836675064263765,5,2,403.76681021350885,8,1,0,0
423,1.0,3,76.09035550069369,2,4,195.99992555391327,7,1,1,0
424,1.0,1,52.1440250802806,3,2,60.35504640954747,6,0,1,0
425,1.0,2,26.247373906218456,5,4,113.5888818714759,10,0,1,0
426,1.0,3,29.648302028367752,2,2,367.0871708060297,5,0,0,0
427,0.0,2,3.228146859520658,4,5,146.328447775102,10,1,1,0
428,0.0,1,26.610106406456133,5,2,70.27117211253113,8,0,1,0
429,1.0,2,57.96985976387761,4,4,495.5166688371389,9,1,1,0
430,1.0,1,24.145143250099174,5,3,409.28819065414194,9,0,0,1
431,1.0,3,45.099366464863984,1,4,441.01281986660007,6,0,1,0
432,1.0,3,50.411675733539305,3,4,317.48618468627154,8,1,1,0
433,1.0,2,74.1214342683822,1,1,51.13127768011174,3,0,0,1
434,0.0,3,62.43974963197178,2,5,389.41903877942445,8,1,1,0
435,0.0,3,78.75690005451592,0,1,128.87095091198904,2,0,1,0
436,0.0,2,2.79222411219346,5,0,260.00000494279857,6,0,1,0
437,1.0,2,20.30427270085812,0,1,407.82764572823464,2,0,1,0
438,1.0,1,16.85131006208559,3,1,96.27181078961007,5,1,1,0
439,0.0,1,39.85150943353161,3,4,351.76208476486346,8,0,0,1
440,0.0,3,27.828722746553545,4,0,311.58617086174604,5,0,0,1
441,0.0,1,32.043427404834524,2,3,240.50006730054434,6,1,1,0
442,0.0,1,26.187656578979887,1,1,305.37202780113853,3,1,0,1
443,1.0,2,51.54270115735487,0,2,494.0995180147647,3,0,0,0
444,1.0,2,14.049737720802465,3,3,438.0435101946347,7,1,1,0
445,0.0,3,75.15336641888607,1,4,372.09843594200987,6,1,0,1
446,0.0,1,11.300123734653745,4,2,298.57679077164215,7,0,0,1
447,1.0,1,2.0950876341481055,0,2,166.49565379136703,3,0,0,1
448,0.0,1,60.60594866347048,4,1,387.64187132879607,6,1,0,0
449,1.0,3,27.201872430740917,4,4,61.10169802902118,9,1,0,1
450,0.0,1,70.82246846464218,5,4,449.05348923083613,10,0,1,0
451,0.0,1,20.51937810847077,2,3,281.2391649853492,6,0,0,0
452,0.0,1,73.67732998733845,2,2,326.8814779633592,5,0,0,0
453,0.0,1,59.72983441679111,3,4,310.44323111789816,8,1,0,1
454,0.0,3,68.30740058019732,1,0,68.79014733177735,2,0,0,0
455,1.0,2,51.34018716064893,5,0,377.4742008121679,6,0,1,0
456,0.0,2,73.84845163762094,1,0,481.95384358583686,2,0,1,0
457,0.0,1,3.5813862381545576,2,5,206.1151314375245,8,0,0,1
458,0.0,2,49.59243551577879,3,2,375.4710051221932,6,1,1,0
459,1.0,1,3.686274753175305,0,4,352.7634618315443,5,0,0,1
460,0.0,2,10.135687202013711,0,1,511.10480715978326,2,0,1,0
461,1.0,2,63.359925629441264,3,2,431.21987153223836,6,0,0,0
462,0.0,3,78.63328469280867,4,1,172.15944437630014,6,1,0,1
463,1.0,3,65.51082908509832,5,2,507.1674223540722,8,0,0,1
464,1.0,1,5.884825800098702,1,2,413.9171752270565,4,1,0,0
465,1.0,2,8.490401067313073,4,2,421.5941375211622,7,0,0,1
466,0.0,1,65.06652726823413,5,4,293.98867926667054,10,0,0,0
467,1.0,2,1.4753309902393748,3,1,237.9815443190821,5,0,0,1
468,1.0,3,6.428951471148889,3,5,113.93677644697112,9,1,1,0
469,1.0,1,73.56078695483625,4,5,371.74605393459217,10,0,0,1
470,1.0,2,53.908764154221146,3,5,418.1492615812807,9,0,0,1
471,1.0,3,20.316117409750746,1,0,108.24762974256856,2,1,1,0
472,1.0,1,69.58050963188307,0,3,360.41022949990383,4,1,0,1
473,0.0,1,50.41892275384123,2,1,280.7413198986869,4,1,1,0
474,1.0,1,8.28127822285778,5,5,357.07534618847666,11,0,0,0
475,1.0,1,56.75151809745255,4,4,263.2242232129936,9,1,1,0
476,1.0,3,73.34183516721772,3,0,97.81207656266753,4,1,0,1
477,1.0,2,61.53167859145815,0,4,500.278143214672,5,1,0,0
478,1.0,1,53.671110173117334,3,3,202.33342313889972,7,1,0,0
479,1.0,2,39.2834601420352,0,4,57.31780611532315,5,1,0,0
480,0.0,3,40.80050245061177,0,2,287.00436596315893,3,1,0,0
481,1.0,1,53.734361225560896,3,1,340.070570040753,5,0,1,0
482,0.0,2,75.19948789452476,1,2,253.81075874546934,4,0,1,0
483,0.0,2,43.29822858569165,5,1,503.88922829307563,7,1,1,0
484,1.0,3,27.502180038833487,4,0,268.7982452365749,5,1,0,1
485,0.0,1,3.234901299963164,4,2,272.7786633875422,7,1,0,1
486,0.0,1,42.74063056241742,2,1,430.7131717812174,4,0,1,0
487,1.0,2,10.13200385021305,3,3,49.25881002051773,7,1,1,0
488,0.0,3,53.07379718488846,0,1,137.2858443953827,2,1,0,0
489,0.0,3,26.046564336179614,1,0,249.13383213512054,2,1,1,0
490,0.0,3,30.044632999442634,5,3,317.81697656188896,9,0,1,0
491,0.0,2,79.00401437292034,5,4,211.34773268986942,10,0,1,0
492,0.0,3,22.121614873802528,2,4,360.97799413521795,7,0,1,0
493,0.0,2,58.12630604155173,0,5,231.9991280334653,6,1,0,0
494,0.0,2,62.47601323879067,0,3,62.759867648961006,4,1,0,1
495,1.0,2,4.969464279607128,3,3,461.46250701577895,7,1,1,0
496,0.0,1,25.33988261854111,2,5,326.91062567263356,8,1,0,0
497,1.0,2,3.5276349553474753,2,5,240.25371736856556,8,0,0,0
498,1.0,1,15.93276643447577,4,2,255.79901139457957,7,0,1,0
499,1.0,1,22.4707036472531,3,2,353.99829933203205,6,1,1,0
500,1.0,3,63.82317422953752,3,4,71.18875469258023,8,0,1,0
501,1.0,2,0.8398407634745293,0,3,408.29872787041944,4,1,0,1
502,0.0,2,39.52777310736426,5,5,43.10640510811578,11,1,0,0
503,0.0,3,12.793343503486245,1,3,249.22159423241607,5,0,1,0
504,0.0,2,75.51244790901663,0,3,467.0434089263288,4,1,0,0
505,0.0,3,47.66213183318708,4,0,225.85475503675048,5,1,0,1
506,0.0,2,51.072113028567166,4,1,179.49158033210944,6,0,0,0
507,1.0,2,75.49438626042055,3,0,411.559019128263,4,0,0,0
508,0.0,3,12.468367170641885,0,3,210.61560523704566,4,1,1,0
509,1.0,2,52.03489378503622,3,1,364.8496680612459,5,1,0,0
510,1.0,2,35.64252715971117,5,0,172.6237100549966,6,1,0,0
511,0.0,1,13.593129663623015,4,3,444.5044377903922,8,0,0,1
512,0.0,3,12.119050060205561,1,3,61.18996575379498,5,0,1,0
513,0.0,2,51.20186490977084,3,0,103.92816726789965,4,0,1,0
514,0.0,1,10.499644842384424,5,2,230.6921427239676,8,0,1,0
515,0.0,3,30.218787648959054,4,1,126.65407233393046,6,1,0,1
516,1.0,2,21.056085679603633,3,3,224.76511804793483,7,1,0,0
517,0.0,2,48.04117025609793,0,5,128.03055113965024,6,1,0,0
518,0.0,3,27.61544286502352,3,5,144.25102481609252,9,1,1,0
519,0.0,3,12.916460183137872,4,4,194.0024318775616,9,0,0,1
520,0.0,3,55.56181298042906,2,2,459.48622440933786,5,0,0,1
521,1.0,2,12.231961211773683,1,2,45.42293557569951,4,1,1,0
522,1.0,3,42.37336210011602,1,3,466.8228338050904,5,1,0,0
523,0.0,2,30.159325957086455,5,4,184.40176067424602,10,0,0,0
524,0.0,1,26.579322311900743,2,3,45.54163051625221,6,1,0,0
525,0.0,3,36.55004175894532,3,5,0.29056877729465214,9,0,0,1
526,0.0,1,2.8220079089530126,0,1,352.713823845433,2,1,0,0
527,1.0,2,50.046764435702684,5,5,509.5849152757758,11,1,0,0
528,1.0,1,14.163265128187215,5,0,260.8430015678996,6,1,1,0
529,0.0,1,10.433645153465466,0,1,315.0041569733511,2,1,0,1
530,1.0,1,67.68641480480107,3,5,46.19538807251678,9,0,0,0
531,1.0,2,56.21254634377899,1,1,67.8818816334059,3,0,0,1
532,1.0,2,11.740285511417836,2,1,413.52739006912833,4,0,1,0
533,0.0,2,76.2346826233233,5,3,406.1816292361932,9,0,1,0
534,1.0,1,36.621931788586714,5,5,250.35076559587412,11,0,0,0
535,1.0,3,36.440540129250564,1,2,136.56832105450832,4,1,0,0
536,0.0,2,20.380303432951724,5,4,9.466780905957194,10,0,0,1
537,1.0,1,15.795867025541865,4,2,252.42064279543513,7,0,0,1
538,0.0,3,39.769222075762016,5,4,241.9705592657574,10,0,0,1
539,1.0,2,31.728952435206686,3,0,129.65282853775307,4,0,1,0
540,0.0,1,33.87151012490169,4,2,372.06083746152757,7,1,0,1
541,1.0,2,53.638200725216194,2,0,272.59807607660235,3,1,0,1
542,0.0,1,42.66942529714018,0,1,108.61964516311451,2,1,1,0
543,1.0,1,63.424647684098524,2,5,475.0293491444172,8,1,0,1
544,0.0,1,77.8140073103493,0,2,248.932575678989,3,1,0,0
545,0.0,2,60.335162952463676,2,0,428.2779456744819,3,0,1,0
546,0.0,2,40.03507387106065,0,5,23.127142639152282,6,1,1,0
547,1.0,3,13.403358796290686,4,1,219.3942760496871,6,0,0,1
548,1.0,2,29.361330052885553,0,1,315.6655919519131,2,0,1,0
549,1.0,1,36.361098057742545,1,4,209.3364227958334,6,0,1,0
550,1.0,1,52.28699360097465,3,0,374.64673543878587,4,1,0,0
551,0.0,2,56.104607051799164,0,2,157.9510648978095,3,0,0,0
552,0.0,1,48.2264048601529,2,4,486.1699258580004,7,0,0,0
553,0.0,3,60.88433044352501,2,3,368.29023164977525,6,0,0,0
554,0.0,1,23.090672828449815,0,5,319.9862386408123,6,0,0,0
555,0.0,2,73.88623034810436,1,1,185.471787404873,3,0,1,0
556,1.0,1,56.71844006587568,5,4,115.51484966831259,10,0,0,1
557,1.0,3,56.71969035321277,1,1,62.70857933694816,3,1,1,0
558,0.0,3,9.32915906228875,3,2,461.4878158724926,6,0,1,0
559,1.0,3,61.18616888011957,2,3,243.4800847543168,6,1,0,0
560,0.0,2,49.61527675630343,1,2,504.068101919748,4,0,1,0
561,0.0,1,21.492157006304495,0,4,409.0774024832307,5,0,1,0
562,1.0,3,56.024365497885185,4,2,378.6530585741011,7,0,0,0
563,0.0,2,64.53215966375812,1,3,364.88021978628495,5,1,0,1
564,0.0,2,54.512270633276344,1,0,169.24322983072426,2,1,1,0
565,0.0,2,69.41640999322787,2,0,90.78945946803015,3,1,0,1
566,0.0,3,57.29257494636462,3,4,468.98834672609297,8,1,0,1
567,1.0,2,16.440537290053335,3,3,355.45259972625234,7,0,1,0
568,1.0,3,74.71258130879193,4,1,289.3760014204096,6,1,0,0
569,1.0,2,34.829375552187145,3,0,130.5005186264965,4,1,0,0
570,1.0,1,12.51794870952062,1,1,281.6236693824547,3,1,1,0
571,0.0,1,58.42856000556477,5,0,296.75395267975404,6,1,1,0
572,1.0,3,36.67519418139394,1,2,153.13127873221708,4,1,0,1
573,0.0,3,55.39887206182575,1,4,355.9953173076254,6,1,0,0
574,0.0,2,40.25668282378639,0,3,458.51633282184224,4,0,0,0
575,0.0,1,25.57996206515597,5,5,505.0401095211166,11,0,0,1
576,1.0,2,52.067717705513225,3,2,40.94302989525488,6,0,0,0
577,1.0,1,4.804920440395372,5,1,79.50359571629838,7,0,0,1
578,0.0,3,73.73644170551361,1,1,378.9606350462617,3,0,1,0
579,1.0,1,21.43403139822816,2,2,241.36206228992427,5,1,0,1
580,0.0,1,12.933296444937971,2,1,261.5614514487478,4,1,0,0
581,0.0,3,65.41025042777136,1,4,477.20344866952746,6,1,1,0
582,0.0,1,65.74399426402704,5,2,137.55954787316188,8,1,0,0
583,1.0,1,68.59604628554803,4,1,350.6560796219106,6,0,1,0
584,1.0,2,77.93925568765405,5,3,253.77302508737046,9,1,0,0
585,0.0,3,38.857610459796845,5,5,116.16323611511683,11,0,0,1
586,1.0,2,23.403022060220984,5,5,503.87926970731246,11,0,0,1
587,1.0,3,28.447584514409893,1,1,428.2484984771207,3,0,1,0
588,0.0,1,33.69103170748983,5,4,314.37805858056555,10,1,1,0
589,0.0,2,36.303255564466355,2,0,419.4360771780809,3,0,1,0
590,0.0,1,54.71043926443915,2,3,112.80543638781785,6,0,0,0
591,0.0,1,78.08440719528781,5,2,217.48375438482975,8,0,0,1
592,0.0,3,34.45685991576808,4,0,75.36650462683264,5,1,0,1
593,0.0,3,26.1121172275045,5,4,403.65072578464213,10,0,0,1
594,1.0,2,14.633717540629986,5,5,72.57966853764219,11,0,0,0
595,0.0,1,68.16294316928952,0,1,347.19160806199926,2,1,1,0
596,0.0,2,64.5831783155955,1,4,64.51663681016504,6,0,0,0
597,1.0,3,50.754810121104,3,0,251.94714103960564,4,0,0,1
598,0.0,1,38.24447241651098,0,5,477.69034351054347,6,1,0,1
599,1.0,3,23.984513569494087,1,0,48.821735003343804,2,1,0,0
600,0.0,2,51.56851613066259,0,2,130.85606495288653,3,1,1,0
601,1.0,1,14.165713608987627,2,4,234.6010831537169,7,1,0,0
602,0.0,2,67.89757009707225,2,5,254.39195132500902,8,1,0,1
603,1.0,2,12.682360512949074,4,0,464.8828233532101,5,0,0,1
604,0.0,3,28.463437757400555,5,1,291.40877679473374,7,1,0,1
605,0.0,2,49.4546012296452,5,2,503.3686320172064,8,0,1,0
606,1.0,3,70.91262744298392,1,2,388.59318304948147,4,0,1,0
607,0.0,3,50.93351824634646,5,4,140.58761742203245,10,0,1,0
608,0.0,3,13.279425459945337,5,0,214.3668435487059,6,1,1,0
609,0.0,1,71.98754415322233,5,2,363.4157731919297,8,1,0,1
610,0.0,1,47.449347563957694,4,0,227.84213861782433,5,0,0,0
611,0.0,3,58.67472907172538,2,2,366.1495797939622,5,0,1,0
612,1.0,3,17.45135296188076,0,1,147.1020192708719,2,0,0,1
613,0.0,3,21.29067570305576,0,2,284.7846326991064,3,1,1,0
614,1.0,1,8.100234979564572,3,3,377.5256669601562,7,0,0,0
615,0.0,1,9.619690362147676,2,3,312.23093437673543,6,0,0,1
616,1.0,2,61.20263989116283,4,2,261.5601810846221,7,1,1,0
617,0.0,1,45.54033510044765,1,0,88.00044002459077,2,0,1,0
618,0.0,2,61.77969258923721,0,5,497.7231847368492,6,1,0,0
619,1.0,2,50.388784199439584,4,1,327.0094484730592,6,0,0,0
620,0.0,3,12.694294276457754,0,4,309.18399633057413,5,0,0,0
621,1.0,2,12.637457612798327,5,0,208.64558149834193,6,0,0,1
622,0.0,3,11.781983200004891,5,3,134.04772450593538,9,0,1,0
623,1.0,2,73.888095546066,5,3,124.5277327901864,9,0,0,0
624,1.0,1,67.87706090955811,1,0,349.0527718511809,2,0,1,0
625,0.0,2,33.84197781690549,2,4,347.7779188122976,7,0,0,0
626,1.0,3,60.20454988943951,3,1,230.91621288524266,5,0,0,0
627,1.0,1,6.139281912827793,2,1,417.18732502003553,4,1,0,0
628,0.0,2,4.338360089297134,0,3,291.3978382268751,4,0,0,1
629,0.0,1,10.165908179295872,0,0,166.07638990434663,1,0,0,1
630,0.0,3,28.37789561692025,4,1,396.0154076081065,6,0,1,0
631,0.0,2,18.653781599861816,3,0,292.78887747222547,4,1,0,1
632,1.0,1,27.028769354628967,1,4,44.2772097493816,6,0,1,0
633,1.0,3,36.68611375938241,0,0,112.32479741964352,1,1,0,1
634,0.0,2,72.65602397533333,3,3,482.2678288428592,7,0,1,0
635,1.0,3,70.2909832446187,3,5,236.23142477179476,9,0,0,0
636,1.0,1,25.783619582311115,2,4,184.94520204573536,7,1,0,1
637,0.0,2,5.022628381690411,2,0,193.8083792072154,3,0,0,1
638,0.0,3,77.00357605200051,4,0,306.01772677195214,5,1,0,0
639,0.0,3,25.49615212445008,3,1,60.68976577100602,5,0,0,1
640,1.0,2,75.53602116802068,1,2,143.73353452411743,4,0,0,1
641,0.0,3,76.51798204717892,5,1,88.87441298537692,7,0,1,0
642,1.0,2,41.41973778130187,1,0,9.694186388711898,2,1,1,0
643,1.0,2,41.604220244928946,1,2,270.15538285150006,4,1,0,1
644,0.0,1,4.227031505595608,0,2,315.45883701248977,3,1,1,0
645,0.0,3,43.65713735740688,4,5,472.315410998535,10,0,1,0
646,1.0,1,29.385474038680528,0,0,76.51380150203852,1,0,1,0
647,1.0,2,34.018969921965294,2,1,279.16749389105,4,1,0,0
648,0.0,1,49.12864773576124,4,3,235.61917896232222,8,1,0,1
649,0.0,2,7.290694780516402,3,2,143.16812318563774,6,0,0,0
650,1.0,2,58.38621112149562,0,2,52.66365650409443,3,1,0,0
651,1.0,3,10.729859491946511,4,4,141.0394079649414,9,0,0,1
652,1.0,3,3.379658297562904,0,1,276.2156150900156,2,1,0,1
653,1.0,1,13.977940651595508,5,5,405.5061782201548,11,0,1,0
654,1.0,3,39.06189241118414,0,1,10.48992839479024,2,0,0,0
655,0.0,1,23.131903874836432,0,3,404.2802306071432,4,0,1,0
656,0.0,2,53.34754070867829,2,0,60.79460820584114,3,0,0,0
657,1.0,1,67.88100596989038,3,3,485.8145519595724,7,1,1,0
658,1.0,2,47.961786194416014,4,0,118.26943171898245,5,0,1,0
659,0.0,2,19.959482796154475,1,5,310.9175183374278,7,0,1,0
660,1.0,1,30.355058586105283,2,0,316.7066703385164,3,0,0,0
661,0.0,2,37.16860901452323,1,3,107.4099718602219,5,1,0,0
662,0.0,3,59.92973728022378,3,1,159.6044887825272,5,1,1,0
663,1.0,2,23.596559748328417,4,0,218.91707996330905,5,0,0,0
664,0.0,2,66.57030648089733,0,5,379.0741778633923,6,0,1,0
665,0.0,2,45.857399928431036,1,0,412.5239193166894,2,1,0,1
666,0.0,1,35.64124079567729,4,5,9.74811321558576,10,1,0,1
667,0.0,2,26.541191598334844,3,2,362.5386629690488,6,0,1,0
668,0.0,2,9.310141645383919,3,4,277.92947106867024,8,1,0,0
669,0.0,2,67.60723643819263,2,1,120.12961385751265,4,1,0,0
670,0.0,1,14.62673711001016,5,2,248.18356577032858,8,1,1,0
671,0.0,2,41.145616421356976,0,5,397.796684132669,6,1,0,0
672,1.0,2,75.74229837219934,5,1,33.579495799408846,7,0,1,0
673,0.0,2,40.31745108598026,5,2,185.2644406615164,8,0,0,0
674,1.0,1,42.94907954117339,0,2,341.22084873482663,3,0,0,0
675,0.0,1,28.019284690526764,2,4,253.46719173237938,7,0,1,0
676,1.0,3,28.08625285805847,5,1,490.58002198905365,7,0,1,0
677,1.0,2,29.80237773343141,5,2,140.55784781588204,8,0,0,1
678,1.0,3,69.10924103119491,3,0,113.80842209180156,4,1,0,1
679,0.0,3,79.11554955120663,2,1,326.442437206581,4,0,1,0
680,1.0,2,65.07502818482959,2,3,7.028595083034645,6,0,1,0
681,0.0,3,31.05296352539092,5,5,189.44762345274165,11,1,0,1
682,0.0,3,35.39218168873656,5,1,229.92732899164184,7,0,1,0
683,0.0,1,68.11829916681442,2,4,248.31871022323037,7,1,0,1
684,1.0,1,63.41749702815066,4,4,276.9970567618102,9,1,1,0
685,0.0,2,57.933755271348716,5,1,38.22715931774161,7,0,1,0
686,1.0,1,52.977645803385485,1,4,408.4692553422789,6,0,0,1
687,0.0,2,69.55338416646185,3,1,487.16799713442884,5,0,0,1
688,0.0,3,33.06523922375626,0,3,122.4523718904129,4,1,0,0
689,1.0,1,41.2831604164692,5,3,498.5844452642979,9,1,0,1
690,0.0,2,38.573285584942,2,4,387.47169019899644,7,0,0,1
691,0.0,3,37.992190075774424,2,1,132.2952113077091,4,0,0,0
692,1.0,3,61.34015723399312,4,1,52.69077630445901,6,1,0,0
693,0.0,1,77.59731516978944,5,4,432.5051021199908,10,0,0,0
694,1.0,2,33.261728556309514,1,4,90.38215270795769,6,0,1,0
695,0.0,2,29.54484744317905,4,0,154.3967410332766,5,0,0,0
696,1.0,3,7.782598603181736,1,4,135.74232349388842,6,1,0,1
697,1.0,1,57.98474097610898,0,1,271.5522137760893,2,0,1,0
698,1.0,1,55.76114539388097,0,0,118.15955088032922,1,1,0,0
699,1.0,3,28.97663734927376,0,2,213.16935061505927,3,0,1,0
700,0.0,1,68.17762648004104,2,4,170.5851464798277,7,0,1,0
701,0.0,3,46.168756703878536,3,3,430.9689935278723,7,0,0,1
702,1.0,1,55.73600677986309,3,1,207.02510206169381,5,0,0,1
703,0.0,1,17.51053591948561,5,5,487.9489931238328,11,0,1,0
704,0.0,3,72.13386667437787,0,1,105.14354272035519,2,1,0,1
705,0.0,2,54.73161451831366,3,5,269.09980532193583,9,0,1,0
706,0.0,1,56.65244791330452,3,4,233.28335031669326,8,1,0,0
707,1.0,3,9.14462810168032,2,5,5.822980339569142,8,0,0,1
708,1.0,1,79.0649076983058,5,3,226.92553891876463,9,1,0,0
709,0.0,3,26.282573962763482,0,4,380.57674491116836,5,0,0,1
710,1.0,3,76.40611505789884,5,5,269.1065291618137,11,0,0,0
711,1.0,1,43.83107349864515,2,0,406.2753300301538,3,1,1,0
712,1.0,2,11.006812662096847,0,5,268.4411143463497,6,1,0,0
713,1.0,3,34.40258979263965,1,0,361.0823434477452,2,1,0,1
714,1.0,2,77.44619140990055,2,0,291.0418722916591,3,0,0,0
715,0.0,2,73.3205192973556,5,4,83.79773252133919,10,0,1,0
716,0.0,3,6.106380597136075,1,4,464.88739223646706,6,0,0,1
717,0.0,1,8.030257228386738,1,3,155.2302342906309,5,1,1,0
718,1.0,2,55.17147169962858,5,1,502.5545744987313,7,1,0,0
719,1.0,3,14.22602296550646,5,0,127.9374938679756,6,0,0,0
720,1.0,3,24.236591666825245,0,1,257.2882998671957,2,0,0,1
721,1.0,3,24.286065892382556,0,1,254.05345318746828,2,0,0,0
722,1.0,3,60.41259380187944,0,1,17.696981666207932,2,1,0,1
723,1.0,2,29.62330905695005,1,1,153.17319041245986,3,0,1,0
724,0.0,2,53.32976862887032,5,3,115.09590754891127,9,1,1,0
725,0.0,3,56.95715513010135,1,1,79.1466614581854,3,0,0,0
726,1.0,3,32.75105252873085,0,0,103.91751837516625,1,0,0,1
727,0.0,2,64.75899683553587,5,4,482.7607368152526,10,1,1,0
728,1.0,1,68.73075624496288,3,2,241.8004494487056,6,0,1,0
729,1.0,1,38.658382260736374,4,2,300.2732967087997,7,0,0,1
730,0.0,2,54.598164955144306,4,3,468.45915836526206,8,1,0,0
731,1.0,1,38.802010000748425,0,5,103.21863510704668,6,1,0,1
732,1.0,3,49.288205696795785,4,0,456.4883117858352,5,0,0,0
733,1.0,1,77.09313117794797,0,3,173.20277493584,4,0,0,1
734,0.0,3,25.16621649420307,3,0,46.59940216132145,4,1,0,1
735,0.0,2,15.948067325330177,1,1,301.01277680218357,3,1,1,0
736,1.0,2,43.26216294458991,5,4,12.303624532579022,10,0,1,0
737,0.0,3,49.58235208245009,0,5,235.12155920145796,6,0,0,0
738,1.0,3,70.95314628510879,0,4,502.2343066148763,5,0,1,0
739,0.0,3,45.27944917941806,4,1,115.07980177285293,6,1,1,0
740,0.0,3,25.2888775740803,0,2,351.4481354633209,3,0,0,0
741,1.0,1,2.744338738380054,5,3,170.37449490083276,9,1,0,1
742,1.0,2,33.07567932567379,1,2,53.613438101794884,4,0,0,1
743,1.0,1,25.489318471846495,5,2,173.14016499242672,8,0,1,0
744,0.0,2,25.613207578998615,3,0,29.073556086583096,4,1,0,1
745,1.0,2,78.49192792155993,0,5,79.48937325883486,6,1,0,1
746,1.0,2,58.24365570826129,4,0,66.0256776631266,5,0,1,0
747,1.0,2,65.91127306998061,5,1,187.90931570944753,7,0,0,0
748,0.0,1,25.60101217784318,5,1,230.4105415253153,7,0,0,1
749,0.0,3,72.96497496177643,1,2,39.178363885120575,4,0,0,0
750,0.0,1,29.833854324844847,1,2,437.4961860058016,4,0,0,0
751,1.0,3,40.793610381072135,1,4,506.5557332969352,6,0,0,0
752,0.0,2,29.168389976588717,0,4,111.68012029673707,5,0,1,0
753,0.0,3,26.585332370134008,5,1,474.629908302733,7,0,0,0
754,1.0,1,17.450590338899563,0,4,322.39866940150426,5,0,1,0
755,0.0,2,53.627268135124574,2,2,34.348687033673855,5,1,1,0
756,0.0,1,55.09746426355022,0,3,382.66590762848165,4,1,0,1
757,0.0,1,68.74881873856954,0,4,276.9413117353724,5,0,0,0
758,0.0,2,24.99162866252474,5,0,43.89682078568484,6,1,1,0
759,1.0,2,46.70500796867597,0,5,453.5883322066495,6,0,0,0
760,1.0,2,19.34073252945398,5,1,239.54283624057365,7,1,0,0
761,1.0,2,53.54777592452285,1,4,509.4555694658847,6,0,1,0
762,0.0,2,9.794287387289117,2,0,92.15056496914428,3,0,0,0
763,1.0,2,13.1839427933542,2,1,12.996319069908623,4,0,0,0
764,0.0,1,43.1768118598907,3,0,20.432894090707237,4,0,0,0
765,1.0,2,51.17073853982965,0,4,319.98080120115793,5,1,0,1
766,0.0,2,70.1902039446639,4,5,417.10970348178967,10,1,0,0
767,1.0,1,18.46119138591651,1,1,277.96245640761197,3,1,0,1
768,1.0,3,4.623105122693421,4,0,201.1625122768902,5,1,1,0
769,1.0,3,7.301205448533508,1,4,197.660886859759,6,1,0,1
770,0.0,2,74.16255124293747,1,4,298.89809759212164,6,0,0,0
771,0.0,1,60.47274082037877,1,1,429.7532429109786,3,0,1,0
772,1.0,2,2.5298751696731827,5,1,399.29787569789994,7,0,1,0
773,0.0,2,7.83231536266504,1,0,356.8379648717776,2,0,0,1
774,1.0,1,24.642413564067834,4,0,402.55241376416154,5,1,0,1
775,1.0,1,38.95245600796395,0,2,164.72735559561613,3,1,1,0
776,1.0,1,68.70782109588276,0,1,456.53766957049606,2,1,0,0
777,1.0,3,65.79304531861045,0,3,345.3470797455226,4,1,1,0
778,1.0,2,14.38918474938661,5,2,8.457846603810253,8,0,0,0
779,1.0,3,79.49748021233519,2,3,29.33186385105722,6,1,0,0
780,1.0,1,18.443847173764084,2,2,213.33787800804794,5,1,0,1
781,1.0,3,17.256467476757074,2,1,474.34384240459036,4,1,0,1
782,1.0,3,52.04254347854626,1,0,284.84639899845126,2,1,1,0
783,0.0,1,12.270582491321337,0,2,462.5094128583683,3,1,0,0
784,1.0,1,71.90751326927361,5,1,250.06296660091004,7,0,0,1
785,0.0,3,57.803080383380596,0,2,256.65295231278236,3,1,1,0
786,1.0,2,39.30500917421445,4,2,187.1937481781897,7,1,1,0
787,0.0,1,3.491425090310285,1,2,447.92635533705646,4,1,1,0
788,1.0,3,20.76057231066419,5,0,279.6237283784913,6,0,0,0
789,0.0,2,11.17010087639279,0,2,415.9580777193397,3,0,0,0
790,0.0,3,18.436064523998894,2,0,417.24293093097145,3,0,0,0
791,1.0,1,2.77615470326944,2,1,19.15111223195447,4,1,0,0
792,1.0,2,4.829566560283355,2,3,415.3542190208166,6,1,0,1
793,1.0,1,3.5722772031678414,2,3,472.24939657835887,6,1,0,0
794,0.0,3,78.30085097175849,1,1,142.16049879512724,3,1,0,1
795,1.0,3,2.02220283394694,2,5,81.63795745076942,8,1,0,0
796,1.0,2,53.51341050164847,2,4,508.8032968708249,7,1,0,0
797,0.0,1,60.03274759315771,1,3,422.4768630997198,5,1,0,1
798,0.0,2,67.65919195874152,4,2,185.7775029940156,7,0,1,0
799,0.0,3,18.092677876382815,2,4,156.39154377830596,7,0,0,0
800,1.0,1,5.463966930360135,1,1,471.90676423174716,3,0,0,0
801,0.0,1,8.70765424648223,4,5,102.42925570141966,10,0,0,0
802,0.0,3,63.985371634351736,3,5,277.03552567625235,9,1,1,0
803,1.0,1,63.288151180836564,1,2,355.0685751026318,4,0,1,0
804,1.0,1,48.17260307252726,4,3,226.8782568730138,8,1,0,1
805,1.0,1,73.29236774409117,5,2,175.5961619548604,8,0,0,0
806,1.0,2,73.79436173699544,3,5,84.21039187367512,9,1,0,0
807,0.0,3,64.71929037387594,1,2,394.6748154852491,4,1,1,0
808,1.0,2,52.9120544036855,0,4,108.90096785661746,5,0,0,1
809,0.0,3,19.624515575361446,1,1,2.0482091657891033,3,0,0,0
810,1.0,3,74.97890195760276,3,0,115.23472082356511,4,1,0,0
811,0.0,1,79.48461385444647,2,4,35.80164201924151,7,1,0,0
812,1.0,2,34.287979447359604,1,2,177.8856536144795,4,0,0,0
813,0.0,1,70.55131436927438,5,0,273.2354779628963,6,1,0,0
814,0.0,1,15.148141611373331,3,2,415.0916480893604,6,0,0,1
815,1.0,3,3.833467502375099,5,0,10.560443303184684,6,1,0,1
816,0.0,3,66.89577637648445,3,5,338.58953787286816,9,1,0,0
817,1.0,2,22.155859474658616,0,0,98.45404834498578,1,0,0,1
818,1.0,2,63.510820025243945,2,0,371.4807075173551,3,0,0,1
819,1.0,1,7.976075833350547,0,5,35.947845256001415,6,0,0,0
820,1.0,1,62.57349112730692,2,0,220.13630619156493,3,1,0,1
821,1.0,3,60.584176047171226,5,0,363.8223195108186,6,1,1,0
822,0.0,3,58.025255645620916,5,0,356.89173759096786,6,0,0,0
823,1.0,1,52.80536240831605,4,2,413.14416240307463,7,0,0,1
824,0.0,1,9.373300565404321,0,2,486.6612279502781,3,1,0,0
825,1.0,1,55.88260006573614,5,4,321.5106771516187,10,0,0,1
826,1.0,2,5.1850306026445505,0,5,97.09654181556539,6,0,0,0
827,0.0,3,66.0945992643124,1,5,110.91759764141915,7,0,1,0
828,0.0,2,36.97528153028513,2,1,251.227318540711,4,1,1,0
829,0.0,3,27.306144521342212,2,0,97.56270772293942,3,0,1,0
830,1.0,2,57.88758653711557,3,5,366.51650167147,9,0,1,0
831,1.0,2,35.85961897340423,4,5,354.3653251819405,10,1,0,0
832,0.0,1,16.191617604844833,5,4,14.534270620704433,10,0,0,1
833,1.0,3,41.1694234466176,4,1,442.3567623778694,6,0,0,1
834,1.0,1,33.321750418331206,1,3,371.5529669032659,5,0,0,0
835,1.0,2,56.52110766598395,4,4,461.38143173349346,9,1,0,0
836,1.0,3,10.270254680197892,2,1,44.31818986003816,4,1,0,0
837,1.0,2,27.428241821867033,0,5,205.00794120517054,6,1,0,1
838,0.0,3,1.5734527075466724,4,5,88.47719937742846,10,0,0,1
839,0.0,3,7.9467079241921565,3,1,248.7116348632166,5,0,0,1
840,0.0,2,70.95456269108527,2,2,491.6256108301296,5,1,1,0
841,0.0,2,9.432672746928654,3,3,116.43815704460468,7,1,0,1
842,0.0,3,6.657561556265592,3,0,225.1157868079705,4,1,0,1
843,1.0,3,11.389515150467165,2,3,110.55399923999676,6,1,0,0
844,0.0,1,24.443993714521568,5,1,183.4857748822651,7,1,1,0
845,1.0,3,62.71197742703963,1,0,421.47838179977487,2,0,0,0
846,1.0,3,50.622331548670566,5,1,416.00496424309165,7,0,1,0
847,0.0,3,28.15290775672273,0,3,487.611237792489,4,1,1,0
848,0.0,3,55.321733090078084,4,5,447.92460446749965,10,1,0,0
849,1.0,3,53.45656710215438,1,0,28.95380769358502,2,0,0,1
850,1.0,3,1.0330057062651468,5,1,201.64319222311002,7,1,0,0
851,0.0,1,31.713881316310676,1,0,174.45035305493417,2,1,0,1
852,1.0,3,58.989196392165006,1,3,493.98522328813345,5,1,1,0
853,1.0,1,6.9550354678641995,5,1,387.12039028164713,7,0,0,0
854,1.0,2,37.147721660106534,1,3,252.9293484485109,5,1,0,0
855,1.0,2,43.07095775252526,4,5,230.60483392103424,10,1,1,0
856,0.0,2,35.749576314627866,5,3,7.299675116768697,9,0,1,0
857,1.0,1,1.3687369411042785,4,4,438.2534418470048,9,0,0,1
858,1.0,2,0.6948056813890138,3,2,133.63077135840422,6,0,0,1
859,1.0,1,47.06706945862732,4,5,334.09414929893245,10,0,0,1
860,0.0,3,6.560009225298446,0,3,18.813194983134565,4,0,0,0
861,0.0,3,34.937785924884416,3,3,488.5956202090162,7,0,1,0
862,1.0,2,33.53239999643329,0,3,278.80777006831056,4,0,0,0
863,1.0,3,38.135860060218505,4,5,391.0323882132322,10,1,0,0
864,1.0,3,18.148922222458395,4,5,432.38477256227213,10,0,0,1
865,0.0,1,63.480288283630394,4,1,448.63189580706216,6,1,0,1
866,0.0,3,47.19400388494706,4,4,240.57749006824804,9,1,0,0
867,0.0,1,62.57836753369453,4,0,146.0358155823211,5,0,1,0
868,0.0,2,9.441167715001837,1,0,329.0596907843906,2,1,0,1
869,0.0,2,23.596685987955095,3,4,427.4036437423522,8,1,0,1
870,0.0,1,28.120076642310874,3,2,511.3816215082614,6,1,0,1
871,0.0,3,11.75729221053314,1,5,138.34428987486137,7,1,1,0
872,1.0,3,13.15824311992928,3,3,408.9367876109915,7,1,0,0
873,0.0,2,7.381674567495899,4,3,88.41030521767982,8,1,0,0
874,0.0,3,43.18972820971001,1,5,42.90503733360663,7,1,0,0
875,1.0,2,5.347284451994911,2,0,400.5871632899181,3,1,0,1
876,0.0,1,52.08147038298235,2,2,489.57222542695604,5,1,0,0
877,1.0,3,62.86400278881502,5,0,355.5095909166974,6,0,0,0
878,0.0,2,49.90499942229224,2,0,209.93206685755882,3,0,0,1
879,0.0,3,37.09228732628012,0,2,428.6421747653631,3,1,0,1
880,0.0,1,64.66988606739018,3,0,339.66801382100664,4,1,0,0
881,0.0,3,8.447629294276775,5,5,354.43227009634563,11,0,1,0
882,0.0,3,66.19034954276019,0,4,506.36295756266685,5,1,0,0
883,1.0,1,72.85753411795821,0,1,203.66211305870956,2,1,0,0
884,1.0,1,54.38437470763702,4,0,171.93023650942848,5,1,0,0
885,0.0,2,72.55088580170167,5,4,156.22892428609055,10,0,1,0
886,1.0,3,49.852860168762525,0,4,257.8862556959681,5,1,1,0
887,0.0,2,37.11789951691088,0,2,416.653075717404,3,1,1,0
888,1.0,2,71.02055455338973,5,0,470.4857462112465,6,0,0,1
889,0.0,1,3.2637439998230087,5,1,207.4890525122857,7,1,0,1
890,1.0,3,74.63590214137955,0,5,321.6145573283603,6,0,0,1
891,1.0,1,22.633183380317934,0,2,139.7675711017897,3,1,0,1
